{
  "ext/fragment/Statusfilter.fragment.xml": 1753363130010,
  "Component.js": 1753284520290,
  "ext/fragment/Candidateresume.js": 1753343444357,
  "manifest.json": 1753363023237,
  "ext/fragment/Statusfilter.js": 1753364016001,
  "ext/fragment/Statusfilter-dbg.js": 1753364016001,
  "ext/fragment/Statusfilter.js.map": 1753365446674,
  "ext/fragment/Candidateresume-dbg.js": 1753343444357,
  "ext/fragment/Candidateresume.js.map": 1753365446671,
  "Component-dbg.js": 1753284520290,
  "Component.js.map": 1753365446665,
  "Component-preload.js": 1753365446755,
  "Component-preload.js.map": 1753365446755,
  "i18n/i18n.properties": 1753284520294,
  "ext/fragment/Candidateresume.fragment.xml": 1753342850023,
  "index.html": 1753284520290
}