{
  "ext/fragment/Candidateresume-dbg.js": 1753343444357,
  "ext/fragment/Candidateresume.js": 1753343444357,
  "ext/fragment/Statusfilter.js": 1753364016001,
  "manifest.json": 1754648209535,
  "Component.js": 1753284520290,
  "Component-dbg.js": 1753284520290,
  "Component.js.map": 1754648415303,
  "ext/fragment/Statusfilter-dbg.js": 1753364016001,
  "ext/fragment/Statusfilter.js.map": 1754648415303,
  "i18n/i18n.properties": 1753284520294,
  "ext/fragment/Candidateresume.js.map": 1754648415309,
  "Component-preload.js": 1754648415382,
  "Component-preload.js.map": 1754648415382,
  "ext/fragment/Statusfilter.fragment.xml": 1753363130010,
  "ext/fragment/Candidateresume.fragment.xml": 1753342850023,
  "index.html": 1753284520290
}